Sample,Time,Replicat,index1,sequence1,index2,sequence2
1,5,1,C7,CCATCTCATCCCTGCGTGTCTCCGACTCAGAGATAGTGCTGATGTCCACGAGGTCTCT,A3,CCGCTTTCCTCTCTATGGGCAGTCGGTGATAGAGATGCAGGCTAAACAGATCTGGCGC
2,5,1,C8,CCATCTCATCCCTGCGTGTCTCCGACTCAGACGATCTATCGATGTCCACGAGGTCTCT,A3,CCGCTTTCCTCTCTATGGGCAGTCGGTGATAGAGATGCAGGCTAAACAGATCTGGCGC
3,5,1,C9,CCATCTCATCCCTGCGTGTCTCCGACTCAGAGCATGTCATGATGTCCACGAGGTCTCT,A3,CCGCTTTCCTCTCTATGGGCAGTCGGTGATAGAGATGCAGGCTAAACAGATCTGGCGC
4,5,1,C10,CCATCTCATCCCTGCGTGTCTCCGACTCAGAGCTGACACAGATGTCCACGAGGTCTCT,A3,CCGCTTTCCTCTCTATGGGCAGTCGGTGATAGAGATGCAGGCTAAACAGATCTGGCGC
5,5,1,C11,CCATCTCATCCCTGCGTGTCTCCGACTCAGAGTCTGTACGGATGTCCACGAGGTCTCT,A3,CCGCTTTCCTCTCTATGGGCAGTCGGTGATAGAGATGCAGGCTAAACAGATCTGGCGC
6,5,1,C12,CCATCTCATCCCTGCGTGTCTCCGACTCAGATACTGACGCGATGTCCACGAGGTCTCT,A3,CCGCTTTCCTCTCTATGGGCAGTCGGTGATAGAGATGCAGGCTAAACAGATCTGGCGC
7,5,1,D1,CCATCTCATCCCTGCGTGTCTCCGACTCAGATAGCAGTGCGATGTCCACGAGGTCTCT,A3,CCGCTTTCCTCTCTATGGGCAGTCGGTGATAGAGATGCAGGCTAAACAGATCTGGCGC
8,5,1,D2,CCATCTCATCCCTGCGTGTCTCCGACTCAGATGACTCAGTGATGTCCACGAGGTCTCT,A3,CCGCTTTCCTCTCTATGGGCAGTCGGTGATAGAGATGCAGGCTAAACAGATCTGGCGC
1,5,2,C7,CCATCTCATCCCTGCGTGTCTCCGACTCAGAGATAGTGCTGATGTCCACGAGGTCTCT,A4,CCGCTTTCCTCTCTATGGGCAGTCGGTGATACGTGCTGATGCTAAACAGATCTGGCGC
2,5,2,C8,CCATCTCATCCCTGCGTGTCTCCGACTCAGACGATCTATCGATGTCCACGAGGTCTCT,A4,CCGCTTTCCTCTCTATGGGCAGTCGGTGATACGTGCTGATGCTAAACAGATCTGGCGC
3,5,2,C9,CCATCTCATCCCTGCGTGTCTCCGACTCAGAGCATGTCATGATGTCCACGAGGTCTCT,A4,CCGCTTTCCTCTCTATGGGCAGTCGGTGATACGTGCTGATGCTAAACAGATCTGGCGC
4,5,2,C10,CCATCTCATCCCTGCGTGTCTCCGACTCAGAGCTGACACAGATGTCCACGAGGTCTCT,A4,CCGCTTTCCTCTCTATGGGCAGTCGGTGATACGTGCTGATGCTAAACAGATCTGGCGC
5,5,2,C11,CCATCTCATCCCTGCGTGTCTCCGACTCAGAGTCTGTACGGATGTCCACGAGGTCTCT,A4,CCGCTTTCCTCTCTATGGGCAGTCGGTGATACGTGCTGATGCTAAACAGATCTGGCGC
6,5,2,C12,CCATCTCATCCCTGCGTGTCTCCGACTCAGATACTGACGCGATGTCCACGAGGTCTCT,A4,CCGCTTTCCTCTCTATGGGCAGTCGGTGATACGTGCTGATGCTAAACAGATCTGGCGC
7,5,2,D1,CCATCTCATCCCTGCGTGTCTCCGACTCAGATAGCAGTGCGATGTCCACGAGGTCTCT,A4,CCGCTTTCCTCTCTATGGGCAGTCGGTGATACGTGCTGATGCTAAACAGATCTGGCGC
8,5,2,D2,CCATCTCATCCCTGCGTGTCTCCGACTCAGATGACTCAGTGATGTCCACGAGGTCTCT,A4,CCGCTTTCCTCTCTATGGGCAGTCGGTGATACGTGCTGATGCTAAACAGATCTGGCGC
9,5,1,D3,CCATCTCATCCCTGCGTGTCTCCGACTCAGCGTCATGATAGATGTCCACGAGGTCTCT,A3,CCGCTTTCCTCTCTATGGGCAGTCGGTGATAGAGATGCAGGCTAAACAGATCTGGCGC
10,5,1,D4,CCATCTCATCCCTGCGTGTCTCCGACTCAGCGAGATCTCTGATGTCCACGAGGTCTCT,A3,CCGCTTTCCTCTCTATGGGCAGTCGGTGATAGAGATGCAGGCTAAACAGATCTGGCGC
11,5,1,D5,CCATCTCATCCCTGCGTGTCTCCGACTCAGCGAGTATGATGATGTCCACGAGGTCTCT,A3,CCGCTTTCCTCTCTATGGGCAGTCGGTGATAGAGATGCAGGCTAAACAGATCTGGCGC
12,5,1,D7,CCATCTCATCCCTGCGTGTCTCCGACTCAGCATAGCTATCGATGTCCACGAGGTCTCT,A3,CCGCTTTCCTCTCTATGGGCAGTCGGTGATAGAGATGCAGGCTAAACAGATCTGGCGC
9,5,2,D3,CCATCTCATCCCTGCGTGTCTCCGACTCAGCGTCATGATAGATGTCCACGAGGTCTCT,A4,CCGCTTTCCTCTCTATGGGCAGTCGGTGATACGTGCTGATGCTAAACAGATCTGGCGC
10,5,2,D4,CCATCTCATCCCTGCGTGTCTCCGACTCAGCGAGATCTCTGATGTCCACGAGGTCTCT,A4,CCGCTTTCCTCTCTATGGGCAGTCGGTGATACGTGCTGATGCTAAACAGATCTGGCGC
11,5,2,D5,CCATCTCATCCCTGCGTGTCTCCGACTCAGCGAGTATGATGATGTCCACGAGGTCTCT,A4,CCGCTTTCCTCTCTATGGGCAGTCGGTGATACGTGCTGATGCTAAACAGATCTGGCGC
12,5,2,D7,CCATCTCATCCCTGCGTGTCTCCGACTCAGCATAGCTATCGATGTCCACGAGGTCTCT,A4,CCGCTTTCCTCTCTATGGGCAGTCGGTGATACGTGCTGATGCTAAACAGATCTGGCGC
1,10,1,C7,CCATCTCATCCCTGCGTGTCTCCGACTCAGAGATAGTGCTGATGTCCACGAGGTCTCT,A5,CCGCTTTCCTCTCTATGGGCAGTCGGTGATATGACTCAGTGCTAAACAGATCTGGCGC
2,10,1,C8,CCATCTCATCCCTGCGTGTCTCCGACTCAGACGATCTATCGATGTCCACGAGGTCTCT,A5,CCGCTTTCCTCTCTATGGGCAGTCGGTGATATGACTCAGTGCTAAACAGATCTGGCGC
3,10,1,C9,CCATCTCATCCCTGCGTGTCTCCGACTCAGAGCATGTCATGATGTCCACGAGGTCTCT,A5,CCGCTTTCCTCTCTATGGGCAGTCGGTGATATGACTCAGTGCTAAACAGATCTGGCGC
4,10,1,C10,CCATCTCATCCCTGCGTGTCTCCGACTCAGAGCTGACACAGATGTCCACGAGGTCTCT,A5,CCGCTTTCCTCTCTATGGGCAGTCGGTGATATGACTCAGTGCTAAACAGATCTGGCGC
5,10,1,C11,CCATCTCATCCCTGCGTGTCTCCGACTCAGAGTCTGTACGGATGTCCACGAGGTCTCT,A5,CCGCTTTCCTCTCTATGGGCAGTCGGTGATATGACTCAGTGCTAAACAGATCTGGCGC
6,10,1,C12,CCATCTCATCCCTGCGTGTCTCCGACTCAGATACTGACGCGATGTCCACGAGGTCTCT,A5,CCGCTTTCCTCTCTATGGGCAGTCGGTGATATGACTCAGTGCTAAACAGATCTGGCGC
7,10,1,D1,CCATCTCATCCCTGCGTGTCTCCGACTCAGATAGCAGTGCGATGTCCACGAGGTCTCT,A5,CCGCTTTCCTCTCTATGGGCAGTCGGTGATATGACTCAGTGCTAAACAGATCTGGCGC
8,10,1,D2,CCATCTCATCCCTGCGTGTCTCCGACTCAGATGACTCAGTGATGTCCACGAGGTCTCT,A5,CCGCTTTCCTCTCTATGGGCAGTCGGTGATATGACTCAGTGCTAAACAGATCTGGCGC
1,10,2,C7,CCATCTCATCCCTGCGTGTCTCCGACTCAGAGATAGTGCTGATGTCCACGAGGTCTCT,A6,CCGCTTTCCTCTCTATGGGCAGTCGGTGATCGTACATCGTGCTAAACAGATCTGGCGC
2,10,2,C8,CCATCTCATCCCTGCGTGTCTCCGACTCAGACGATCTATCGATGTCCACGAGGTCTCT,A6,CCGCTTTCCTCTCTATGGGCAGTCGGTGATCGTACATCGTGCTAAACAGATCTGGCGC
3,10,2,C9,CCATCTCATCCCTGCGTGTCTCCGACTCAGAGCATGTCATGATGTCCACGAGGTCTCT,A6,CCGCTTTCCTCTCTATGGGCAGTCGGTGATCGTACATCGTGCTAAACAGATCTGGCGC
4,10,2,C10,CCATCTCATCCCTGCGTGTCTCCGACTCAGAGCTGACACAGATGTCCACGAGGTCTCT,A6,CCGCTTTCCTCTCTATGGGCAGTCGGTGATCGTACATCGTGCTAAACAGATCTGGCGC
5,10,2,C11,CCATCTCATCCCTGCGTGTCTCCGACTCAGAGTCTGTACGGATGTCCACGAGGTCTCT,A6,CCGCTTTCCTCTCTATGGGCAGTCGGTGATCGTACATCGTGCTAAACAGATCTGGCGC
6,10,2,C12,CCATCTCATCCCTGCGTGTCTCCGACTCAGATACTGACGCGATGTCCACGAGGTCTCT,A6,CCGCTTTCCTCTCTATGGGCAGTCGGTGATCGTACATCGTGCTAAACAGATCTGGCGC
7,10,2,D1,CCATCTCATCCCTGCGTGTCTCCGACTCAGATAGCAGTGCGATGTCCACGAGGTCTCT,A6,CCGCTTTCCTCTCTATGGGCAGTCGGTGATCGTACATCGTGCTAAACAGATCTGGCGC
8,10,2,D2,CCATCTCATCCCTGCGTGTCTCCGACTCAGATGACTCAGTGATGTCCACGAGGTCTCT,A6,CCGCTTTCCTCTCTATGGGCAGTCGGTGATCGTACATCGTGCTAAACAGATCTGGCGC
9,10,1,D3,CCATCTCATCCCTGCGTGTCTCCGACTCAGCGTCATGATAGATGTCCACGAGGTCTCT,A5,CCGCTTTCCTCTCTATGGGCAGTCGGTGATATGACTCAGTGCTAAACAGATCTGGCGC
10,10,1,D4,CCATCTCATCCCTGCGTGTCTCCGACTCAGCGAGATCTCTGATGTCCACGAGGTCTCT,A5,CCGCTTTCCTCTCTATGGGCAGTCGGTGATATGACTCAGTGCTAAACAGATCTGGCGC
11,10,1,D5,CCATCTCATCCCTGCGTGTCTCCGACTCAGCGAGTATGATGATGTCCACGAGGTCTCT,A5,CCGCTTTCCTCTCTATGGGCAGTCGGTGATATGACTCAGTGCTAAACAGATCTGGCGC
12,10,1,D7,CCATCTCATCCCTGCGTGTCTCCGACTCAGCATAGCTATCGATGTCCACGAGGTCTCT,A5,CCGCTTTCCTCTCTATGGGCAGTCGGTGATATGACTCAGTGCTAAACAGATCTGGCGC
9,10,2,D3,CCATCTCATCCCTGCGTGTCTCCGACTCAGCGTCATGATAGATGTCCACGAGGTCTCT,A6,CCGCTTTCCTCTCTATGGGCAGTCGGTGATCGTACATCGTGCTAAACAGATCTGGCGC
10,10,2,D4,CCATCTCATCCCTGCGTGTCTCCGACTCAGCGAGATCTCTGATGTCCACGAGGTCTCT,A6,CCGCTTTCCTCTCTATGGGCAGTCGGTGATCGTACATCGTGCTAAACAGATCTGGCGC
11,10,2,D5,CCATCTCATCCCTGCGTGTCTCCGACTCAGCGAGTATGATGATGTCCACGAGGTCTCT,A6,CCGCTTTCCTCTCTATGGGCAGTCGGTGATCGTACATCGTGCTAAACAGATCTGGCGC
12,10,2,D7,CCATCTCATCCCTGCGTGTCTCCGACTCAGCATAGCTATCGATGTCCACGAGGTCTCT,A6,CCGCTTTCCTCTCTATGGGCAGTCGGTGATCGTACATCGTGCTAAACAGATCTGGCGC
1,16,1,C7,CCATCTCATCCCTGCGTGTCTCCGACTCAGAGATAGTGCTGATGTCCACGAGGTCTCT,A7,CCGCTTTCCTCTCTATGGGCAGTCGGTGATCGTCATGATAGCTAAACAGATCTGGCGC
2,16,1,C8,CCATCTCATCCCTGCGTGTCTCCGACTCAGACGATCTATCGATGTCCACGAGGTCTCT,A7,CCGCTTTCCTCTCTATGGGCAGTCGGTGATCGTCATGATAGCTAAACAGATCTGGCGC
3,16,1,C9,CCATCTCATCCCTGCGTGTCTCCGACTCAGAGCATGTCATGATGTCCACGAGGTCTCT,A7,CCGCTTTCCTCTCTATGGGCAGTCGGTGATCGTCATGATAGCTAAACAGATCTGGCGC
4,16,1,C10,CCATCTCATCCCTGCGTGTCTCCGACTCAGAGCTGACACAGATGTCCACGAGGTCTCT,A7,CCGCTTTCCTCTCTATGGGCAGTCGGTGATCGTCATGATAGCTAAACAGATCTGGCGC
5,16,1,C11,CCATCTCATCCCTGCGTGTCTCCGACTCAGAGTCTGTACGGATGTCCACGAGGTCTCT,A7,CCGCTTTCCTCTCTATGGGCAGTCGGTGATCGTCATGATAGCTAAACAGATCTGGCGC
6,16,1,C12,CCATCTCATCCCTGCGTGTCTCCGACTCAGATACTGACGCGATGTCCACGAGGTCTCT,A7,CCGCTTTCCTCTCTATGGGCAGTCGGTGATCGTCATGATAGCTAAACAGATCTGGCGC
7,16,1,D1,CCATCTCATCCCTGCGTGTCTCCGACTCAGATAGCAGTGCGATGTCCACGAGGTCTCT,A7,CCGCTTTCCTCTCTATGGGCAGTCGGTGATCGTCATGATAGCTAAACAGATCTGGCGC
8,16,1,D2,CCATCTCATCCCTGCGTGTCTCCGACTCAGATGACTCAGTGATGTCCACGAGGTCTCT,A7,CCGCTTTCCTCTCTATGGGCAGTCGGTGATCGTCATGATAGCTAAACAGATCTGGCGC
1,16,2,C7,CCATCTCATCCCTGCGTGTCTCCGACTCAGAGATAGTGCTGATGTCCACGAGGTCTCT,A8,CCGCTTTCCTCTCTATGGGCAGTCGGTGATCTACTCGTCGGCTAAACAGATCTGGCGC
2,16,2,C8,CCATCTCATCCCTGCGTGTCTCCGACTCAGACGATCTATCGATGTCCACGAGGTCTCT,A8,CCGCTTTCCTCTCTATGGGCAGTCGGTGATCTACTCGTCGGCTAAACAGATCTGGCGC
3,16,2,C9,CCATCTCATCCCTGCGTGTCTCCGACTCAGAGCATGTCATGATGTCCACGAGGTCTCT,A8,CCGCTTTCCTCTCTATGGGCAGTCGGTGATCTACTCGTCGGCTAAACAGATCTGGCGC
4,16,2,C10,CCATCTCATCCCTGCGTGTCTCCGACTCAGAGCTGACACAGATGTCCACGAGGTCTCT,A8,CCGCTTTCCTCTCTATGGGCAGTCGGTGATCTACTCGTCGGCTAAACAGATCTGGCGC
5,16,2,C11,CCATCTCATCCCTGCGTGTCTCCGACTCAGAGTCTGTACGGATGTCCACGAGGTCTCT,A8,CCGCTTTCCTCTCTATGGGCAGTCGGTGATCTACTCGTCGGCTAAACAGATCTGGCGC
6,16,2,C12,CCATCTCATCCCTGCGTGTCTCCGACTCAGATACTGACGCGATGTCCACGAGGTCTCT,A8,CCGCTTTCCTCTCTATGGGCAGTCGGTGATCTACTCGTCGGCTAAACAGATCTGGCGC
7,16,2,D1,CCATCTCATCCCTGCGTGTCTCCGACTCAGATAGCAGTGCGATGTCCACGAGGTCTCT,A8,CCGCTTTCCTCTCTATGGGCAGTCGGTGATCTACTCGTCGGCTAAACAGATCTGGCGC
8,16,2,D2,CCATCTCATCCCTGCGTGTCTCCGACTCAGATGACTCAGTGATGTCCACGAGGTCTCT,A8,CCGCTTTCCTCTCTATGGGCAGTCGGTGATCTACTCGTCGGCTAAACAGATCTGGCGC
9,16,1,D3,CCATCTCATCCCTGCGTGTCTCCGACTCAGCGTCATGATAGATGTCCACGAGGTCTCT,A7,CCGCTTTCCTCTCTATGGGCAGTCGGTGATCGTCATGATAGCTAAACAGATCTGGCGC
10,16,1,D4,CCATCTCATCCCTGCGTGTCTCCGACTCAGCGAGATCTCTGATGTCCACGAGGTCTCT,A7,CCGCTTTCCTCTCTATGGGCAGTCGGTGATCGTCATGATAGCTAAACAGATCTGGCGC
11,16,1,D5,CCATCTCATCCCTGCGTGTCTCCGACTCAGCGAGTATGATGATGTCCACGAGGTCTCT,A7,CCGCTTTCCTCTCTATGGGCAGTCGGTGATCGTCATGATAGCTAAACAGATCTGGCGC
12,16,1,D7,CCATCTCATCCCTGCGTGTCTCCGACTCAGCATAGCTATCGATGTCCACGAGGTCTCT,A7,CCGCTTTCCTCTCTATGGGCAGTCGGTGATCGTCATGATAGCTAAACAGATCTGGCGC
9,16,2,D3,CCATCTCATCCCTGCGTGTCTCCGACTCAGCGTCATGATAGATGTCCACGAGGTCTCT,A8,CCGCTTTCCTCTCTATGGGCAGTCGGTGATCTACTCGTCGGCTAAACAGATCTGGCGC
10,16,2,D4,CCATCTCATCCCTGCGTGTCTCCGACTCAGCGAGATCTCTGATGTCCACGAGGTCTCT,A8,CCGCTTTCCTCTCTATGGGCAGTCGGTGATCTACTCGTCGGCTAAACAGATCTGGCGC
11,16,2,D5,CCATCTCATCCCTGCGTGTCTCCGACTCAGCGAGTATGATGATGTCCACGAGGTCTCT,A8,CCGCTTTCCTCTCTATGGGCAGTCGGTGATCTACTCGTCGGCTAAACAGATCTGGCGC
12,16,2,D7,CCATCTCATCCCTGCGTGTCTCCGACTCAGCATAGCTATCGATGTCCACGAGGTCTCT,A8,CCGCTTTCCTCTCTATGGGCAGTCGGTGATCTACTCGTCGGCTAAACAGATCTGGCGC
1,21,1,C7,CCATCTCATCCCTGCGTGTCTCCGACTCAGAGATAGTGCTGATGTCCACGAGGTCTCT,A9,CCGCTTTCCTCTCTATGGGCAGTCGGTGATGATATAGCTCGCTAAACAGATCTGGCGC
2,21,1,C8,CCATCTCATCCCTGCGTGTCTCCGACTCAGACGATCTATCGATGTCCACGAGGTCTCT,A9,CCGCTTTCCTCTCTATGGGCAGTCGGTGATGATATAGCTCGCTAAACAGATCTGGCGC
3,21,1,C9,CCATCTCATCCCTGCGTGTCTCCGACTCAGAGCATGTCATGATGTCCACGAGGTCTCT,A9,CCGCTTTCCTCTCTATGGGCAGTCGGTGATGATATAGCTCGCTAAACAGATCTGGCGC
4,21,1,C10,CCATCTCATCCCTGCGTGTCTCCGACTCAGAGCTGACACAGATGTCCACGAGGTCTCT,A9,CCGCTTTCCTCTCTATGGGCAGTCGGTGATGATATAGCTCGCTAAACAGATCTGGCGC
5,21,1,C11,CCATCTCATCCCTGCGTGTCTCCGACTCAGAGTCTGTACGGATGTCCACGAGGTCTCT,A9,CCGCTTTCCTCTCTATGGGCAGTCGGTGATGATATAGCTCGCTAAACAGATCTGGCGC
6,21,1,C12,CCATCTCATCCCTGCGTGTCTCCGACTCAGATACTGACGCGATGTCCACGAGGTCTCT,A9,CCGCTTTCCTCTCTATGGGCAGTCGGTGATGATATAGCTCGCTAAACAGATCTGGCGC
7,21,1,D1,CCATCTCATCCCTGCGTGTCTCCGACTCAGATAGCAGTGCGATGTCCACGAGGTCTCT,A9,CCGCTTTCCTCTCTATGGGCAGTCGGTGATGATATAGCTCGCTAAACAGATCTGGCGC
8,21,1,D2,CCATCTCATCCCTGCGTGTCTCCGACTCAGATGACTCAGTGATGTCCACGAGGTCTCT,A9,CCGCTTTCCTCTCTATGGGCAGTCGGTGATGATATAGCTCGCTAAACAGATCTGGCGC
1,21,2,C7,CCATCTCATCCCTGCGTGTCTCCGACTCAGAGATAGTGCTGATGTCCACGAGGTCTCT,A10,CCGCTTTCCTCTCTATGGGCAGTCGGTGATGATCTCTGATGCTAAACAGATCTGGCGC
2,21,2,C8,CCATCTCATCCCTGCGTGTCTCCGACTCAGACGATCTATCGATGTCCACGAGGTCTCT,A10,CCGCTTTCCTCTCTATGGGCAGTCGGTGATGATCTCTGATGCTAAACAGATCTGGCGC
3,21,2,C9,CCATCTCATCCCTGCGTGTCTCCGACTCAGAGCATGTCATGATGTCCACGAGGTCTCT,A10,CCGCTTTCCTCTCTATGGGCAGTCGGTGATGATCTCTGATGCTAAACAGATCTGGCGC
4,21,2,C10,CCATCTCATCCCTGCGTGTCTCCGACTCAGAGCTGACACAGATGTCCACGAGGTCTCT,A10,CCGCTTTCCTCTCTATGGGCAGTCGGTGATGATCTCTGATGCTAAACAGATCTGGCGC
5,21,2,C11,CCATCTCATCCCTGCGTGTCTCCGACTCAGAGTCTGTACGGATGTCCACGAGGTCTCT,A10,CCGCTTTCCTCTCTATGGGCAGTCGGTGATGATCTCTGATGCTAAACAGATCTGGCGC
6,21,2,C12,CCATCTCATCCCTGCGTGTCTCCGACTCAGATACTGACGCGATGTCCACGAGGTCTCT,A10,CCGCTTTCCTCTCTATGGGCAGTCGGTGATGATCTCTGATGCTAAACAGATCTGGCGC
7,21,2,D1,CCATCTCATCCCTGCGTGTCTCCGACTCAGATAGCAGTGCGATGTCCACGAGGTCTCT,A10,CCGCTTTCCTCTCTATGGGCAGTCGGTGATGATCTCTGATGCTAAACAGATCTGGCGC
8,21,2,D2,CCATCTCATCCCTGCGTGTCTCCGACTCAGATGACTCAGTGATGTCCACGAGGTCTCT,A10,CCGCTTTCCTCTCTATGGGCAGTCGGTGATGATCTCTGATGCTAAACAGATCTGGCGC
9,21,1,D3,CCATCTCATCCCTGCGTGTCTCCGACTCAGCGTCATGATAGATGTCCACGAGGTCTCT,A9,CCGCTTTCCTCTCTATGGGCAGTCGGTGATGATATAGCTCGCTAAACAGATCTGGCGC
10,21,1,D4,CCATCTCATCCCTGCGTGTCTCCGACTCAGCGAGATCTCTGATGTCCACGAGGTCTCT,A9,CCGCTTTCCTCTCTATGGGCAGTCGGTGATGATATAGCTCGCTAAACAGATCTGGCGC
11,21,1,D5,CCATCTCATCCCTGCGTGTCTCCGACTCAGCGAGTATGATGATGTCCACGAGGTCTCT,A9,CCGCTTTCCTCTCTATGGGCAGTCGGTGATGATATAGCTCGCTAAACAGATCTGGCGC
12,21,1,D7,CCATCTCATCCCTGCGTGTCTCCGACTCAGCATAGCTATCGATGTCCACGAGGTCTCT,A9,CCGCTTTCCTCTCTATGGGCAGTCGGTGATGATATAGCTCGCTAAACAGATCTGGCGC
9,21,2,D3,CCATCTCATCCCTGCGTGTCTCCGACTCAGCGTCATGATAGATGTCCACGAGGTCTCT,A10,CCGCTTTCCTCTCTATGGGCAGTCGGTGATGATCTCTGATGCTAAACAGATCTGGCGC
10,21,2,D4,CCATCTCATCCCTGCGTGTCTCCGACTCAGCGAGATCTCTGATGTCCACGAGGTCTCT,A10,CCGCTTTCCTCTCTATGGGCAGTCGGTGATGATCTCTGATGCTAAACAGATCTGGCGC
11,21,2,D5,CCATCTCATCCCTGCGTGTCTCCGACTCAGCGAGTATGATGATGTCCACGAGGTCTCT,A10,CCGCTTTCCTCTCTATGGGCAGTCGGTGATGATCTCTGATGCTAAACAGATCTGGCGC
12,21,2,D7,CCATCTCATCCCTGCGTGTCTCCGACTCAGCATAGCTATCGATGTCCACGAGGTCTCT,A10,CCGCTTTCCTCTCTATGGGCAGTCGGTGATGATCTCTGATGCTAAACAGATCTGGCGC
1,0,1,D8,CCATCTCATCCCTGCGTGTCTCCGACTCAGCTACTCACTAGATGTCCACGAGGTCTCT,A11,CCGCTTTCCTCTCTATGGGCAGTCGGTGATGATGCTGCGTGCTAAACAGATCTGGCGC
1,0,2,D9,CCATCTCATCCCTGCGTGTCTCCGACTCAGCTGTAGTCAGGATGTCCACGAGGTCTCT,A11,CCGCTTTCCTCTCTATGGGCAGTCGGTGATGATGCTGCGTGCTAAACAGATCTGGCGC
2,0,1,D8,CCATCTCATCCCTGCGTGTCTCCGACTCAGCTACTCACTAGATGTCCACGAGGTCTCT,A12,CCGCTTTCCTCTCTATGGGCAGTCGGTGATGATGTGACAGGCTAAACAGATCTGGCGC
2,0,2,D9,CCATCTCATCCCTGCGTGTCTCCGACTCAGCTGTAGTCAGGATGTCCACGAGGTCTCT,A12,CCGCTTTCCTCTCTATGGGCAGTCGGTGATGATGTGACAGGCTAAACAGATCTGGCGC
